{
  "description": "Shared normalization fixture used by both backend (pytest) and frontend (vitest) tests to verify linganisa_amaphuzu / linganisaAmaphuzu produce identical output.",
  "raw": [
    0.5,
    0.8,
    0.0,
    0.45,
    0.7,
    -0.01,
    0.42,
    0.6,
    -0.02,
    0.4,
    0.52,
    -0.03,
    0.39,
    0.46,
    -0.04,
    0.47,
    0.55,
    -0.01,
    0.46,
    0.4,
    -0.02,
    0.45,
    0.3,
    -0.03,
    0.44,
    0.22,
    -0.04,
    0.5,
    0.53,
    0.0,
    0.5,
    0.36,
    -0.01,
    0.5,
    0.25,
    -0.02,
    0.5,
    0.16,
    -0.03,
    0.53,
    0.55,
    0.0,
    0.54,
    0.39,
    -0.01,
    0.55,
    0.29,
    -0.02,
    0.56,
    0.21,
    -0.03,
    0.56,
    0.58,
    0.01,
    0.58,
    0.46,
    0.0,
    0.59,
    0.38,
    -0.01,
    0.6,
    0.31,
    -0.02
  ],
  "normalized": [
    0.0,
    0.0,
    0.0,
    -0.18518518518518512,
    -0.3703703703703707,
    -0.037037037037037035,
    -0.29629629629629634,
    -0.7407407407407409,
    -0.07407407407407407,
    -0.37037037037037024,
    -1.037037037037037,
    -0.1111111111111111,
    -0.40740740740740733,
    -1.2592592592592593,
    -0.14814814814814814,
    -0.1111111111111112,
    -0.9259259259259258,
    -0.037037037037037035,
    -0.14814814814814806,
    -1.4814814814814814,
    -0.07407407407407407,
    -0.18518518518518512,
    -1.8518518518518516,
    -0.1111111111111111,
    -0.2222222222222222,
    -2.1481481481481484,
    -0.14814814814814814,
    0.0,
    -1.0,
    0.0,
    0.0,
    -1.6296296296296298,
    -0.037037037037037035,
    0.0,
    -2.037037037037037,
    -0.07407407407407407,
    0.0,
    -2.3703703703703702,
    -0.1111111111111111,
    0.1111111111111112,
    -0.9259259259259258,
    0.0,
    0.14814814814814828,
    -1.5185185185185186,
    -0.037037037037037035,
    0.18518518518518534,
    -1.8888888888888888,
    -0.07407407407407407,
    0.2222222222222224,
    -2.185185185185185,
    -0.1111111111111111,
    0.2222222222222224,
    -0.8148148148148151,
    0.037037037037037035,
    0.2962962962962961,
    -1.2592592592592593,
    0.0,
    0.3333333333333332,
    -1.5555555555555556,
    -0.037037037037037035,
    0.37037037037037024,
    -1.8148148148148149,
    -0.07407407407407407
  ],
  "zero_raw": [
    0.0,
    0.0,
    0.0,
    0.0,
    0.0,
    0.0,
    0.0,
    0.0,
    0.0,
    0.0,
    0.0,
    0.0,
    0.0,
    0.0,
    0.0,
    0.0,
    0.0,
    0.0,
    0.0,
    0.0,
    0.0,
    0.0,
    0.0,
    0.0,
    0.0,
    0.0,
    0.0,
    0.0,
    0.0,
    0.0,
    0.0,
    0.0,
    0.0,
    0.0,
    0.0,
    0.0,
    0.0,
    0.0,
    0.0,
    0.0,
    0.0,
    0.0,
    0.0,
    0.0,
    0.0,
    0.0,
    0.0,
    0.0,
    0.0,
    0.0,
    0.0,
    0.0,
    0.0,
    0.0,
    0.0,
    0.0,
    0.0,
    0.0,
    0.0,
    0.0,
    0.0,
    0.0,
    0.0
  ],
  "zero_normalized": [
    0.0,
    0.0,
    0.0,
    0.0,
    0.0,
    0.0,
    0.0,
    0.0,
    0.0,
    0.0,
    0.0,
    0.0,
    0.0,
    0.0,
    0.0,
    0.0,
    0.0,
    0.0,
    0.0,
    0.0,
    0.0,
    0.0,
    0.0,
    0.0,
    0.0,
    0.0,
    0.0,
    0.0,
    0.0,
    0.0,
    0.0,
    0.0,
    0.0,
    0.0,
    0.0,
    0.0,
    0.0,
    0.0,
    0.0,
    0.0,
    0.0,
    0.0,
    0.0,
    0.0,
    0.0,
    0.0,
    0.0,
    0.0,
    0.0,
    0.0,
    0.0,
    0.0,
    0.0,
    0.0,
    0.0,
    0.0,
    0.0,
    0.0,
    0.0,
    0.0,
    0.0,
    0.0,
    0.0
  ],
  "translated_raw": [
    10.5,
    -4.2,
    2.5,
    10.45,
    -4.3,
    2.49,
    10.42,
    -4.4,
    2.48,
    10.4,
    -4.48,
    2.47,
    10.39,
    -4.54,
    2.46,
    10.47,
    -4.45,
    2.49,
    10.46,
    -4.6,
    2.48,
    10.45,
    -4.7,
    2.47,
    10.44,
    -4.78,
    2.46,
    10.5,
    -4.47,
    2.5,
    10.5,
    -4.64,
    2.49,
    10.5,
    -4.75,
    2.48,
    10.5,
    -4.84,
    2.47,
    10.53,
    -4.45,
    2.5,
    10.54,
    -4.61,
    2.49,
    10.55,
    -4.71,
    2.48,
    10.56,
    -4.79,
    2.47,
    10.56,
    -4.42,
    2.51,
    10.58,
    -4.54,
    2.5,
    10.59,
    -4.62,
    2.49,
    10.6,
    -4.69,
    2.48
  ],
  "translated_normalized_should_match_normalized": [
    0.0,
    0.0,
    0.0,
    -0.18518518518518812,
    -0.37037037037036963,
    -0.037037037037036306,
    -0.296296296296297,
    -0.7407407407407426,
    -0.07407407407407425,
    -0.37037037037036963,
    -1.0370370370370396,
    -0.11111111111111056,
    -0.40740740740740594,
    -1.2592592592592606,
    -0.1481481481481485,
    -0.11111111111110891,
    -0.9259259259259274,
    -0.037037037037036306,
    -0.14814814814814523,
    -1.4814814814814818,
    -0.07407407407407425,
    -0.18518518518518812,
    -1.8518518518518547,
    -0.11111111111111056,
    -0.2222222222222244,
    -2.148148148148152,
    -0.1481481481481485,
    0.0,
    -1.0,
    0.0,
    0.0,
    -1.6296296296296304,
    -0.037037037037036306,
    0.0,
    -2.0370370370370394,
    -0.07407407407407425,
    0.0,
    -2.370370370370373,
    -0.11111111111111056,
    0.11111111111110891,
    -0.9259259259259274,
    0.0,
    0.14814814814814523,
    -1.5185185185185215,
    -0.037037037037036306,
    0.18518518518518812,
    -1.888888888888891,
    -0.07407407407407425,
    0.2222222222222244,
    -2.1851851851851882,
    -0.11111111111111056,
    0.2222222222222244,
    -0.8148148148148152,
    0.037037037037036306,
    0.296296296296297,
    -1.2592592592592606,
    0.0,
    0.3333333333333333,
    -1.5555555555555578,
    -0.037037037037036306,
    0.37037037037036963,
    -1.8148148148148184,
    -0.07407407407407425
  ]
}